{
  "project_info": {
    "project_number": "901051843948",
    "project_id": "ancana-b21-cap0252",
    "storage_bucket": "ancana-b21-cap0252.appspot.com"
  },
  "client": [
    {
      "client_info": {
        "mobilesdk_app_id": "1:901051843948:android:282892ffc8b587d41d5f49",
        "android_client_info": {
          "package_name": "com.example.adminaplikasicapstone"
        }
      },
      "oauth_client": [
        {
          "client_id": "901051843948-ss7llj5bed0hshkuh75afje9oqrvm678.apps.googleusercontent.com",
          "client_type": 3
        }
      ],
      "api_key": [
        {
          "current_key": "AIzaSyDiHE1p3ARSVwqPe3H_QKAXKfmPZL3f0UQ"
        }
      ],
      "services": {
        "appinvite_service": {
          "other_platform_oauth_client": [
            {
              "client_id": "901051843948-ss7llj5bed0hshkuh75afje9oqrvm678.apps.googleusercontent.com",
              "client_type": 3
            }
          ]
        }
      }
    },
    {
      "client_info": {
        "mobilesdk_app_id": "1:901051843948:android:fbef58376a1299451d5f49",
        "android_client_info": {
          "package_name": "com.example.capstone"
        }
      },
      "oauth_client": [
        {
          "client_id": "901051843948-ss7llj5bed0hshkuh75afje9oqrvm678.apps.googleusercontent.com",
          "client_type": 3
        }
      ],
      "api_key": [
        {
          "current_key": "AIzaSyDiHE1p3ARSVwqPe3H_QKAXKfmPZL3f0UQ"
        }
      ],
      "services": {
        "appinvite_service": {
          "other_platform_oauth_client": [
            {
              "client_id": "901051843948-ss7llj5bed0hshkuh75afje9oqrvm678.apps.googleusercontent.com",
              "client_type": 3
            }
          ]
        }
      }
    }
  ],
  "configuration_version": "1"
}